date,bot_name,strategy,profit,win_count,loss_count,total_trades,max_drawdown,balance,starting_capital,win_rate
2026-02-06,Divergence-V41-9090,Alex_DivergenceV41,-60.97726444,0,0,653,"0.0000",338.76658826,"",""
2026-02-06,Divergence-V5-9100,Alex_DivergenceV5,-54.54449316,0,0,86,"0.0000",945.39658976,"",""
2026-02-06,ANF-V9-9110,ANFV9,-21.29161013,0,0,35,"0.0000",978.98846013,"",""
2026-02-11,Alex_DivergenceV6-9100,unknown,14.37979781,0,0,23,"0.0000",1014.38797018,"",""
2026-02-07,AlexNexusForgeV8AIV2-9050,unknown,"790.09571150",0,0,1457,"0.0000",1791.71687789,"",""
2026-02-11,AlexSignalForgeV3-9020,unknown,3.00387975,0,0,22,"0.0000",402.98577319,"",""
2026-02-11,AlexBandSniperV18MLAIM-9000,unknown,-74.71982277,0,0,685,"0.0000",326.65837151,"",""
2026-02-05,NexusForge-V8-9050,AlexNexusForgeV8AIV2,859.83833801,0,0,1457,"0.0000","1862.27479790","",""
2026-02-05,Divergence-Optuna-9060,Alex_Divergence_Optuna,-270.09458374,0,0,1119,"0.0000","729.38692160","",""
2026-02-05,NinjaAI-V4-9070,NinjaAI_V4,75.46101552,0,0,343,"0.0000",275.68832476,"",""
2026-02-05,Divergence-V41-9090,Alex_DivergenceV41,-56.15402129,0,0,647,"0.0000",343.73987211,"",""
2026-02-05,Divergence-V5-9100,Alex_DivergenceV5,-54.48961673,0,0,86,"0.0000",945.39658976,"",""
2026-02-05,ANF-V9-9110,ANFV9,4.14221169,0,0,4,"0.0000",1004.15095776,"",""
2026-02-05,BandSniper-V18-9000,AlexBandSniperV18MLAIM,"28.76567430",0,0,60,"0.0000",428.44235982,"",""
2026-02-05,BandSniper-MLAI-9010,AlexBandSniperV18MLAI,-9.51441282,0,0,363,"0.0000",791.59153825,"",""
2026-02-05,BandSniper-LIVE-9030,AlexBandSniperV18MLAIM,"0.00000000",0,0,0,"0.0000",109.40406216,"",""
2026-02-06,NexusForge-V8-9050,AlexNexusForgeV8AIV2,779.24765245,0,0,1457,"0.0000",1780.76799789,"",""
2026-02-10,Alex_NinjaV7-9070,unknown,62.05472766,0,0,502,"0.0000",262.91263569,"",""
2026-02-07,Bot-9050,unknown,790.99524938,0,0,1457,"0.0000",1792.04126789,"",""
2026-02-10,AlexBandSniperV18MLAIM-9000,unknown,-62.61210878,0,0,583,"0.0000",337.89648469,"",""
2026-02-06,freqtrade,unknown,-21.18426624,0,0,35,"0.0000",978.98846013,"",""
2026-02-10,AlexBandSniperV19MLAI-9010,unknown,-180.79188119,0,0,806,"0.0000",620.09139236,"",""
2026-02-11,Alex_DivergenceV5-9100,unknown,-69.57359781,0,0,188,"0.0000",930.17390299,"",""
2026-02-06,Bot-9050,unknown,800.18177618,0,0,1457,"0.0000",1801.83806789,"",""
2026-02-11,AlexBandSniperV19MLAI-9010,unknown,-219.41162807,0,0,877,"0.0000",580.59306739,"",""
2026-02-07,AlexBandSniperV18MLAIM-9000,unknown,-25.41659247,0,0,286,"0.0000",372.66099851,"",""
2026-02-07,AlexBandSniperV19MLAI-9010,unknown,-186.87011254,0,0,546,"0.0000",615.04557614,"",""
2026-02-07,Alex_NinjaV7-9030,unknown,-0.64578905,0,0,18,"0.0000",94.82017058,"",""
2026-02-07,Alex_Divergence_Optuna-9060,unknown,-328.69962774,0,0,1168,"0.0000",671.15041685,"",""
2026-02-06,AlexNexusForgeV8AIV2-9050,unknown,801.83787377,0,0,1457,"0.0000",1804.63770789,"",""
2026-02-07,Alex_NinjaV7-9070,unknown,48.32372638,0,0,394,"0.0000",249.34210013,"",""
2026-02-11,Bot-9010,unknown,-220.52717338,0,0,877,"0.0000",576.57367739,"",""
2026-02-11,Alex_DivergenceV41-9090,unknown,-128.26236897,0,0,909,"0.0000",271.68296797,"",""
2026-02-06,AlexBandSniperV18MLAIM-9000,unknown,-6.59517827,0,0,238,"0.0000",394.72186029,"",""
2026-02-06,AlexBandSniperV19MLAI-9010,unknown,-170.67804321,0,0,520,"0.0000",631.16782929,"",""
2026-02-10,Alex_NinjaV9-9030,unknown,-0.02659194,0,0,104,"0.0000",96.45298151,"",""
2026-02-07,Alex_DivergenceV41-9090,unknown,-61.63844805,0,0,658,"0.0000",338.33269165,"",""
2026-02-10,AlexNexusForgeV8AIV2-9050,unknown,776.73917403,0,0,1457,"0.0000",1777.34989789,"",""
2026-02-06,Alex_NinjaV7-9030,unknown,-2.24205351,0,0,8,"0.0000",94.85738258,"",""
2026-02-06,BandSniper-V18-9000,AlexBandSniperV18MLAIM,0.09229593,0,0,166,"0.0000",403.75455194,"",""
2026-02-06,BandSniper-MLAI-9010,AlexBandSniperV18MLAI,-136.56330675,0,0,481,"0.0000",662.78376206,"",""
2026-02-06,BandSniper-LIVE-9030,AlexBandSniperV18MLAIM,"0.00000000",0,0,0,"0.0000",96.01357248,"",""
2026-02-06,Divergence-Optuna-9060,Alex_Divergence_Optuna,-335.17597027,0,0,1158,"0.0000",664.60859554,"",""
2026-02-06,NinjaAI-V4-9070,NinjaAI_V4,75.76751352,0,0,349,"0.0000",275.83439946,"",""
2026-02-10,Bot-9050,unknown,776.66202197,0,0,1457,"0.0000",1777.34989789,"",""
2026-02-07,Alex_DivergenceV5-9100,unknown,-55.24898699,0,0,88,"0.0000",945.01485276,"",""
2026-02-07,AlexRegimePullbackFuturesV1-9110,unknown,-46.43261637,0,0,78,"0.0000",970.52741934,"",""
2026-02-06,Alex_Divergence_Optuna-9060,unknown,-336.88362652,0,0,1159,"0.0000",663.01089589,"",""
2026-02-06,Alex_NinjaV7-9070,unknown,64.08620097,0,0,370,"0.0000",264.47102243,"",""
2026-02-06,Alex_DivergenceV41-9090,unknown,-61.95996753,0,0,655,"0.0000",337.98117661,"",""
2026-02-06,Alex_DivergenceV5-9100,unknown,-54.55350272,0,0,86,"0.0000",945.39658976,"",""
2026-02-06,AlexRegimePullbackFuturesV1-9110,unknown,-20.65476009,0,0,41,"0.0000",979.56883695,"",""
2026-02-11,Alex_NinjaV9-9030,unknown,-13.23410166,0,0,131,"0.0000",82.70215044,"",""
2026-02-11,Alex_NinjaV9-9070,unknown,43.23632802,0,0,557,"0.0000",243.29689333,"",""
2026-02-10,Alex_NinjaV7-9030,unknown,-0.78351002,0,0,98,"0.0000",95.73290945,"",""
2026-02-10,Alex_Divergence_Optuna-9060,unknown,-302.62968914,0,0,1331,"0.0000",701.65076179,"",""
2026-02-10,Alex_NinjaV9-9070,unknown,61.65678239,0,0,514,"0.0000",262.31785904,"",""
2026-02-10,Bot-9030,unknown,"-1.74688580",0,0,95,"0.0000",94.73887289,"",""
2026-02-10,Alex_DivergenceV41-9090,unknown,-86.86352963,0,0,841,"0.0000",313.43924688,"",""
2026-02-10,Alex_DivergenceV5-9100,unknown,-65.09290165,0,0,171,"0.0000",936.22498005,"",""
2026-02-11,Alex_NinjaV10-9030,unknown,-18.68997547,0,0,133,"0.0000",77.53564168,"",""
2026-02-10,AlexRegimePullbackFuturesV1-9110,unknown,-94.06207035,0,0,143,"0.0000",905.53928044,"",""
2026-02-11,Bot-9030,unknown,-3.54636228,0,0,114,"0.0000","92.77104530","",""
2026-02-11,AlexNexusForgeV8AIV2-9050,unknown,773.75968906,0,0,1457,"0.0000",1775.31078789,"",""
2026-02-11,Alex_Divergence_Optuna-9060,unknown,-281.38296603,0,0,1389,"0.0000",718.60008108,"",""
2026-02-12,AlexBandSniperV18MLAIM-9000,unknown,-88.73821601,0,0,758,"0.0000",311.25871636,"",""
2026-02-11,Bot-9050,unknown,773.75968906,0,0,1457,"0.0000",1775.31078789,"",""
2026-02-11,Bot-9020,unknown,3.03776066,0,0,22,"0.0000",403.37515519,"",""
2026-02-11,AlexRegimePullbackFuturesV1-9110,unknown,"-102.61447510",0,0,163,"0.0000",897.87352842,"",""
2026-02-12,AlexRegimePullbackFuturesV1-9110,unknown,-121.47204131,0,0,184,"0.0000","878.83063440","",""
2026-02-12,Alex_DivergenceV41-9090,unknown,-120.58206812,0,0,941,"0.0000","279.31732170","",""
2026-02-12,Alex_DivergenceV6-9100,unknown,13.47853056,0,0,24,"0.0000",1013.48690593,"",""
2026-02-12,AlexSignalForgeV3-9020,unknown,"2.47748180",0,0,27,"0.0000",403.09671141,"",""
2026-02-14,Bot-9040,unknown,-92.81224515,0,0,553,"0.0000",107.42408108,"",""
2026-02-14,Bot-9080,unknown,-46.62396625,0,0,112,"0.0000",353.20847485,"",""
2026-02-13,Bot-9070,unknown,56.26590476,0,0,662,"0.0000",256.97438724,"",""
2026-02-13,HybridOrderbookStrategy15m-9080,unknown,-26.99124861,0,0,98,"0.0000",373.51543159,"",""
2026-02-14,Alex_DivergenceV8-9100,unknown,-49.88100779,0,0,72,"0.0000",950.03459035,"",""
2026-02-14,AlexRegimePullbackFuturesV1-9110,unknown,-131.10262666,0,0,212,"0.0000","868.92885430","",""
2026-02-13,AlexBandSniperV18MLAIM-9000,unknown,"-82.80674070",0,0,841,"0.0000",319.00441894,"",""
2026-02-13,AlexBandSniperV19MLAI-9010,unknown,-234.78903311,0,0,1030,"0.0000","565.57465970","",""
2026-02-13,AlexSignalForgeV4-9020,unknown,8.68078126,0,0,34,"0.0000",408.94492126,"",""
2026-02-13,AlexSignalForgeV4-9030,unknown,-16.57566029,0,0,162,"0.0000","79.52220650","",""
2026-02-13,AlexBandSniperV18MLAIM-9040,unknown,-90.23459322,0,0,527,"0.0000",109.86300284,"",""
2026-02-13,AlexNexusForgeV8AIV2-9050,unknown,792.51738901,0,0,1457,"0.0000",1793.73950789,"",""
2026-02-13,ECRV2-9060,unknown,-8.95270555,0,0,32,"0.0000",990.71563063,"",""
2026-02-12,Alex_NinjaV10-9030,unknown,-18.51801777,0,0,147,"0.0000",77.65598635,"",""
2026-02-13,Alex_NinjaV9-9070,unknown,55.76352332,0,0,662,"0.0000",256.98939212,"",""
2026-02-12,Bot-9020,unknown,5.95941784,0,0,27,"0.0000",405.98042241,"",""
2026-02-13,Alex_DivergenceV8-9100,unknown,-15.81910052,0,0,32,"0.0000","984.35874040","",""
2026-02-12,AlexNexusForgeV8AIV2-9050,unknown,775.22390465,0,0,1457,"0.0000",1777.53321789,"",""
2026-02-13,AlexRegimePullbackFuturesV1-9110,unknown,-127.85281781,0,0,188,"0.0000","872.08747800","",""
2026-02-12,Alex_Divergence_Optuna-9060,unknown,"-301.75022080",0,0,1412,"0.0000",699.34769765,"",""
2026-02-13,Bot-9040,unknown,-90.32345372,0,0,527,"0.0000",109.62080284,"",""
2026-02-12,AlexBandSniperV19MLAI-9010,unknown,-216.33732455,0,0,973,"0.0000",585.83713104,"",""
2026-02-12,Bot-9010,unknown,-209.75944394,0,0,970,"0.0000",589.86247324,"",""
2026-02-12,AlexSignalForgeV4-9020,unknown,5.90009872,0,0,27,"0.0000",406.41874841,"",""
2026-02-12,AlexSignalForgeV4-9030,unknown,-18.05505625,0,0,156,"0.0000",77.95633438,"",""
2026-02-12,Bot-9050,unknown,777.13422464,0,0,1457,"0.0000",1778.26827789,"",""
2026-02-12,Alex_NinjaV9-9070,unknown,46.23793067,0,0,591,"0.0000",246.26430132,"",""
2026-02-12,Alex_DivergenceV8-9100,unknown,0.48264712,0,0,3,"0.0000",1000.48997228,"",""
2026-02-12,Bot-9030,unknown,-18.82799589,0,0,156,"0.0000",77.30711037,"",""
2026-02-13,Bot-9080,unknown,-26.69508081,0,0,98,"0.0000",373.46794159,"",""
2026-02-12,Alex_DivergenceV7-9100,unknown,13.47851707,0,0,24,"0.0000",1013.48690593,"",""
2026-02-13,Bot-9050,unknown,792.79701953,0,0,1457,"0.0000",1793.94552789,"",""
2026-02-13,Bot-9110,unknown,-128.23496896,0,0,188,"0.0000","871.95995800","",""
2026-02-13,Bot-9020,unknown,5.76459008,0,0,28,"0.0000","406.52938770","",""
2026-02-13,ECR-9060,unknown,"0.00000000",0,0,0,"0.0000","1000.00000000","",""
2026-02-13,Bot-9010,unknown,-212.15773039,0,0,998,"0.0000",588.57594934,"",""
2026-02-14,AlexSignalForgeV4-9030,unknown,-17.94447702,0,0,165,"0.0000",78.23368247,"",""
2026-02-14,Bot-9070,unknown,68.36428498,0,0,706,"0.0000",268.23811475,"",""
2026-02-15,AlexBandSniperV18MLAIM-9040,unknown,"-102.64234480",0,0,575,"0.0000",97.76705483,"",""
2026-02-14,HybridOrderbookStrategy15m-9080,unknown,-46.16350389,0,0,112,"0.0000",353.20847485,"",""
2026-02-15,Bot-9110,unknown,-133.91847375,0,0,241,"0.0000",866.05928197,"",""
2026-02-14,AlexNexusForgeV8AIV2-9050,unknown,807.64264988,0,0,1457,"0.0000",1808.07904789,"",""
2026-02-13,Bot-9030,unknown,-16.59847219,0,0,162,"0.0000","79.52220650","",""
2026-02-15,Bot-9030,unknown,-17.73526495,0,0,167,"0.0000",78.61958555,"",""
2026-02-15,AlexRegimePullbackFuturesV1-9110,unknown,-133.94603719,0,0,241,"0.0000",866.05928197,"",""
2026-02-14,AlexBandSniperV18MLAIM-9000,unknown,-54.98333159,0,0,919,"0.0000",346.96376619,"",""
2026-02-14,AlexBandSniperV19MLAI-9010,unknown,-238.96682665,0,0,1123,"0.0000",563.11170855,"",""
2026-02-16,Bot-9110,unknown,-122.87257905,0,0,254,"0.0000",877.08267905,"",""
2026-02-14,Bot-9050,unknown,807.36186735,0,0,1457,"0.0000",1808.52374789,"",""
2026-02-14,AlexSignalForgeV4-9020,unknown,2.38955128,0,0,46,"0.0000",402.82540551,"",""
2026-02-15,AlexBandSniperV18MLAIM-9000,unknown,-81.71962472,0,0,953,"0.0000",318.25070028,"",""
2026-02-15,AlexBandSniperV19MLAI-9010,unknown,-271.42356849,0,0,1157,"0.0000",529.46859077,"",""
2026-02-14,Bot-9030,unknown,-17.89457748,0,0,165,"0.0000",78.23368247,"",""
2026-02-14,Bot-9110,unknown,-131.36847035,0,0,212,"0.0000","868.32079130","",""
2026-02-14,AlexBandSniperV18MLAIM-9040,unknown,-93.29723833,0,0,554,"0.0000",107.09771668,"",""
2026-02-15,AlexNexusForgeV8AIV2-9050,unknown,787.17422472,0,0,1457,"0.0000",1788.61497789,"",""
2026-02-14,ECRV2-9060,unknown,-28.99467803,0,0,44,"0.0000",970.25211849,"",""
2026-02-14,Alex_NinjaV9-9070,unknown,74.16340929,0,0,741,"0.0000",275.40235642,"",""
2026-02-15,ECRV2-9060,unknown,-14.80182317,0,0,69,"0.0000","985.81698570","",""
2026-02-15,Bot-9040,unknown,-103.15733107,0,0,574,"0.0000",97.44045011,"",""
2026-02-15,AlexSignalForgeV4-9030,unknown,-17.65156495,0,0,167,"0.0000",78.51987678,"",""
2026-02-15,Bot-9050,unknown,787.25297467,0,0,1457,"0.0000",1788.61497789,"",""
2026-02-15,AlexSignalForgeV4-9020,unknown,"7.53912590",0,0,49,"0.0000",408.51564457,"",""
2026-02-15,Alex_NinjaV9-9070,unknown,54.98519844,0,0,770,"0.0000",255.75981002,"",""
2026-02-15,Alex_DivergenceV8-9100,unknown,-28.67275159,0,0,113,"0.0000","971.31591820","",""
2026-02-16,AlexBandSniperV18MLAIM-9040,unknown,-101.33593456,0,0,596,"0.0000",98.77798257,"",""
2026-02-16,Bot-9050,unknown,787.65304802,0,0,1457,"0.0000",1788.72579789,"",""
2026-02-16,AlexBandSniperV19MLAI-9010,unknown,-254.33970997,0,0,1212,"0.0000",546.00308738,"",""
2026-02-16,AlexBandSniperV18MLAIM-9000,unknown,-75.27725296,0,0,1036,"0.0000",325.45103291,"",""
2026-02-16,Bot-9040,unknown,-101.50940754,0,0,596,"0.0000",98.68370257,"",""
2026-02-16,AlexSignalForgeV4-9020,unknown,4.81196515,0,0,52,"0.0000",405.22499282,"",""
2026-02-16,Alex_NinjaV9-9070,unknown,63.79583542,0,0,809,"0.0000",264.11619008,"",""
2026-02-16,AlexSignalForgeV4-9030,unknown,-18.15944036,0,0,167,"0.0000",78.01935273,"",""
2026-02-16,ECRV2-9060,unknown,-12.63820333,0,0,100,"0.0000",986.77597999,"",""
2026-02-21,Bot-9060,unknown,28.44266891,0,0,41,"0.0000",1028.94845739,"",""
2026-02-18,AlexBandSniperV18MLAIM-9040,unknown,-103.91320576,0,0,642,"0.0000",96.44907039,"",""
2026-02-18,Bot-9050,unknown,773.45286441,0,0,1457,"0.0000",1774.21687789,"",""
2026-02-19,AlexBandSniperV119-9010,unknown,10.55545382,0,0,236,"0.0000",811.42495088,"",""
2026-02-17,Bot-9050,unknown,787.06184187,0,0,1457,"0.0000",1788.64633789,"",""
2026-02-19,AlexSignalForgeV4-9020,unknown,14.03482399,0,0,66,"0.0000",414.78289946,"",""
2026-02-16,AlexNexusForgeV8AIV2-9050,unknown,791.63389534,0,0,1457,"0.0000",1792.88236789,"",""
2026-02-17,Bot-9030,unknown,-17.67975831,0,0,167,"0.0000",78.46368375,"",""
2026-02-19,Bot-9110,unknown,-120.23930809,0,0,272,"0.0000",879.05764991,"",""
2026-02-19,AlexBandSniperV18MLAIM-9040,unknown,-104.49085073,0,0,643,"0.0000",95.41440741,"",""
2026-02-19,AlexSignalForgeV4-9030,unknown,-16.83386819,0,0,171,"0.0000",79.27854674,"",""
2026-02-17,Bot-9040,unknown,-100.92096498,0,0,622,"0.0000",99.22667307,"",""
2026-02-19,Bot-9030,unknown,-17.05393246,0,0,171,"0.0000",78.91378807,"",""
2026-02-19,AlexRegimePullbackFuturesV1-9110,unknown,-135.20521796,0,0,284,"0.0000",865.00606566,"",""
2026-02-18,AlexNexusForgeV8AIV2-9050,unknown,773.45286441,0,0,1457,"0.0000",1774.51766789,"",""
2026-02-18,Bot-9030,unknown,-17.09851925,0,0,167,"0.0000",78.98288067,"",""
2026-02-17,AlexBandSniperV119-9010,unknown,23.71893778,0,0,100,"0.0000",824.49127939,"",""
2026-02-17,AlexSignalForgeV4-9020,unknown,4.86184784,0,0,52,"0.0000",405.44823782,"",""
2026-02-17,AlexSignalForgeV4-9030,unknown,-17.65675725,0,0,167,"0.0000",78.50859847,"",""
2026-02-17,AlexBandSniperV18MLAIM-9040,unknown,-101.18327791,0,0,623,"0.0000",99.12045366,"",""
2026-02-17,ECRV2-9060,unknown,2.05507393,0,0,27,"0.0000",1002.77977035,"",""
2026-02-16,Bot-9030,unknown,-18.11753841,0,0,167,"0.0000",78.01935273,"",""
2026-02-16,AlexBattleTankKillerV9-9080,unknown,"-0.51209480",0,0,52,"0.0000","402.27940300","",""
2026-02-16,Alex_DivergenceV8-9100,unknown,-39.13251353,0,0,145,"0.0000","961.90915290","",""
2026-02-16,AlexRegimePullbackFuturesV1-9110,unknown,-120.20807321,0,0,255,"0.0000",879.74382432,"",""
2026-02-16,AlexBandSniperV119-9010,unknown,-4.67246506,0,0,15,"0.0000","796.01364000","",""
2026-02-17,Alex_NinjaV9-9070,unknown,"74.48785880",0,0,849,"0.0000",274.93287528,"",""
2026-02-17,AlexNexusForgeV8AIV2-9050,unknown,787.18691259,0,0,1457,"0.0000",1788.67899789,"",""
2026-02-17,AlexBattleTankKillerV9-9080,unknown,-11.41659136,0,0,63,"0.0000","390.57940620","",""
2026-02-17,Alex_DivergenceV8-9100,unknown,-22.23101041,0,0,180,"0.0000",980.73833128,"",""
2026-02-17,AlexRegimePullbackFuturesV1-9110,unknown,"-123.67565020",0,0,265,"0.0000","876.28426590","",""
2026-02-17,AlexBandSniperV18MLAIM-9000,unknown,-81.43577116,0,0,1091,"0.0000",319.34810079,"",""
2026-02-18,AlexBandSniperV18MLAIM-9000,unknown,-87.17246008,0,0,1169,"0.0000",313.51312582,"",""
2026-02-18,AlexBandSniperV119-9010,unknown,12.36305506,0,0,161,"0.0000",815.85101566,"",""
2026-02-18,AlexSignalForgeV4-9020,unknown,13.29832949,0,0,55,"0.0000",413.59526784,"",""
2026-02-19,Bot-9050,unknown,757.35102325,0,0,1457,"0.0000",1758.67388789,"",""
2026-02-18,AlexSignalForgeV4-9030,unknown,-17.16304659,0,0,167,"0.0000",78.96421256,"",""
2026-02-18,Bot-9040,unknown,-104.14739062,0,0,642,"0.0000",96.61507039,"",""
2026-02-18,ECRV2-9060,unknown,-1.93164004,0,0,30,"0.0000",999.04348019,"",""
2026-02-18,Alex_NinjaV9-9070,unknown,71.42079281,0,0,874,"0.0000",271.56634851,"",""
2026-02-18,AlexBattleTankKillerV9-9080,unknown,-42.51263416,0,0,70,"0.0000",359.73955391,"",""
2026-02-18,Alex_DivergenceV8-9100,unknown,-24.37061702,0,0,206,"0.0000",976.46997333,"",""
2026-02-21,AlexBandSniperV18MLAIM-9000,unknown,-85.40706895,0,0,1339,"0.0000","316.36676350","",""
2026-02-18,AlexRegimePullbackFuturesV1-9110,unknown,-122.08180277,0,0,272,"0.0000",877.12204991,"",""
2026-02-19,Bot-9040,unknown,-104.75325336,0,0,643,"0.0000",95.74160741,"",""
2026-02-20,Bot-9030,unknown,-17.37041603,0,0,171,"0.0000",78.67454235,"",""
2026-02-20,ECRV2-9060,unknown,25.05952472,0,0,33,"0.0000",1025.93743979,"",""
2026-02-19,ECRV2-9060,unknown,-4.76555515,0,0,31,"0.0000",994.64199437,"",""
2026-02-19,Alex_NinjaV9-9070,unknown,80.29242634,0,0,933,"0.0000",281.65208754,"",""
2026-02-19,AlexBattleTankKillerV9-9080,unknown,-70.20657866,0,0,74,"0.0000",330.01934393,"",""
2026-02-19,Alex_DivergenceV8-9100,unknown,-31.26605065,0,0,237,"0.0000",968.72013846,"",""
2026-02-19,AlexBandSniperV18MLAIM-9000,unknown,-79.99047912,0,0,1241,"0.0000",320.96130689,"",""
2026-02-20,AlexBandSniperV18MLAIM-9000,unknown,"-87.44189930",0,0,1282,"0.0000",312.69227641,"",""
2026-02-20,AlexBandSniperV119-9010,unknown,28.79471341,0,0,327,"0.0000",831.20968417,"",""
2026-02-20,Alex_NinjaV9-9070,unknown,102.61209689,0,0,971,"0.0000",303.01393477,"",""
2026-02-20,AlexBattleTankKillerV9-9080,unknown,-53.21125749,0,0,84,"0.0000",348.24219953,"",""
2026-02-19,AlexNexusForgeV8AIV2-9050,unknown,"757.54274480",0,0,1457,"0.0000",1758.67388789,"",""
2026-02-20,AlexNexusForgeV8AIV2-9050,unknown,752.90549937,0,0,1457,"0.0000",1753.79970789,"",""
2026-02-21,AlexBattleTankKillerV9-9080,unknown,"-58.77440950",0,0,95,"0.0000",342.14278621,"",""
2026-02-20,Bot-9050,unknown,751.92760947,0,0,1457,"0.0000",1753.18749789,"",""
2026-02-20,AlexSignalForgeV4-9020,unknown,10.33491614,0,0,68,"0.0000",410.79803856,"",""
2026-02-20,AlexSignalForgeV4-9030,unknown,-16.95098402,0,0,171,"0.0000",79.10040092,"",""
2026-02-21,Bot-9050,unknown,755.76173024,0,0,1457,"0.0000",1757.00790789,"",""
2026-02-20,Alex_DivergenceV8-9100,unknown,-14.47429219,0,0,288,"0.0000",986.17335166,"",""
2026-02-21,Alex_NinjaV9-9070,unknown,104.50333406,0,0,1002,"0.0000",305.95468179,"",""
2026-02-20,Alex_Kasuari-9040,unknown,46.62095488,0,0,21,"0.0000",248.08931434,"",""
2026-02-20,Kasuari-9040,unknown,13.16348323,0,0,14,"0.0000",216.39445954,"",""
2026-02-21,AlexSignalForgeV4-9030,unknown,-16.53182844,0,0,172,"0.0000",79.53594085,"",""
2026-02-21,Alex_Kasuari-9040,unknown,"60.65745240",0,0,54,"0.0000",263.53907352,"",""
2026-02-21,AlexBandSniperV119-9010,unknown,19.00944351,0,0,397,"0.0000","821.52846050","",""
2026-02-21,AlexNexusForgeV8AIV2-9050,unknown,755.54565802,0,0,1457,"0.0000",1756.55150789,"",""
2026-02-21,Bot-9030,unknown,-16.52778989,0,0,171,"0.0000",79.57672904,"",""
2026-02-21,ECRV2-9060,unknown,28.12949696,0,0,41,"0.0000",1028.94845739,"",""
2026-02-21,Alex_DivergenceV8-9100,unknown,-16.38174071,0,0,325,"0.0000",984.09497951,"",""
2026-02-21,AlexSignalForgeV4-9020,unknown,10.65128317,0,0,71,"0.0000",410.62818883,"",""
2026-02-24,Alex_NinjaV9-9070,unknown,110.43557941,0,0,1131,"0.0000",311.18335967,"",""
2026-02-22,ECRV2-9060,unknown,19.49384137,0,0,46,"0.0000",1020.38069916,"",""
2026-02-22,Alex_NinjaV9-9070,unknown,96.64009573,0,0,1016,"0.0000",296.80832241,"",""
2026-02-22,AlexBattleTankKillerV9-9080,unknown,-84.59909288,0,0,99,"0.0000",316.25193918,"",""
2026-02-22,Alex_DivergenceV8-9100,unknown,-19.17760044,0,0,353,"0.0000",983.40640918,"",""
2026-02-22,AlexBandSniperV18MLAIM-9000,unknown,-90.58586678,0,0,1395,"0.0000",310.45856152,"",""
2026-02-22,AlexBandSniperV119-9010,unknown,15.68011085,0,0,467,"0.0000",816.05491853,"",""
2026-02-22,AlexSignalForgeV4-9020,unknown,15.49866296,0,0,77,"0.0000",415.85218062,"",""
2026-02-22,AlexSignalForgeV4-9030,unknown,-16.12086667,0,0,176,"0.0000",79.95755882,"",""
2026-02-22,Alex_Kasuari-9040,unknown,27.93035877,0,0,74,"0.0000",229.49197162,"",""
2026-02-23,Bot-9050,unknown,743.37173036,0,0,1457,"0.0000",1743.14261789,"",""
2026-02-24,AlexBattleTankKillerV9-9080,unknown,-110.18566893,0,0,133,"0.0000",291.17080712,"",""
2026-02-24,AlexNexusForgeV8AIV2-9050,unknown,735.97693614,0,0,1457,"0.0000",1736.17356789,"",""
2026-02-22,AlexNexusForgeV8AIV2-9050,unknown,744.23842742,0,0,1457,"0.0000",1745.45667789,"",""
2026-02-24,Bot-9050,unknown,736.85559977,0,0,1457,"0.0000",1737.35038789,"",""
2026-02-24,Bot-9140,unknown,29.30217637,0,0,95,"0.0000",1039.76724266,"",""
2026-02-24,Bot-9120,unknown,-1066.43986373,0,0,75,"0.0000",-66.43986373,"",""
2026-02-23,AlexBandSniperV18MLAIM-9000,unknown,-102.05942003,0,0,1442,"0.0000",299.57353034,"",""
2026-02-23,AlexBandSniperV119-9010,unknown,38.88244728,0,0,510,"0.0000",839.30467569,"",""
2026-02-23,AlexSignalForgeV4-9020,unknown,"13.40369730",0,0,94,"0.0000",413.92722433,"",""
2026-02-23,AlexSignalForgeV4-9030,unknown,-16.86919717,0,0,180,"0.0000",79.18253642,"",""
2026-02-23,Alex_Kasuari-9040,unknown,"6.50925890",0,0,96,"0.0000",206.76909066,"",""
2026-02-22,Bot-9060,unknown,21.47134548,0,0,42,"0.0000",1023.94377685,"",""
2026-02-23,AlexNexusForgeV8AIV2-9050,unknown,742.58326574,0,0,1457,"0.0000",1743.52266789,"",""
2026-02-22,Bot-9050,unknown,744.34119619,0,0,1457,"0.0000",1745.47295789,"",""
2026-02-23,ECRV2-9060,unknown,24.09298029,0,0,47,"0.0000",1024.37623765,"",""
2026-02-23,Alex_NinjaV9-9070,unknown,94.45452467,0,0,1027,"0.0000",294.53286258,"",""
2026-02-23,AlexBattleTankKillerV9-9080,unknown,-90.83581219,0,0,99,"0.0000",309.40212579,"",""
2026-02-23,Alex_DivergenceV8-9100,unknown,-38.23378629,0,0,370,"0.0000",961.92502467,"",""
2026-02-25,GKD_FisherTransformV5_ML-9140,unknown,56.40145647,0,0,100,"0.0000",1056.77884146,"",""
2026-02-25,GKD_FisherTransformV5_ML-9150,unknown,5.54092665,0,0,33,"0.0000",87.84228356,"",""
2026-02-24,Alex_DivergenceV8-9100,unknown,-42.80418277,0,0,429,"0.0000",959.35832424,"",""
2026-02-24,AlexRegimePullbackFuturesV1-9110,unknown,-136.87946422,0,0,303,"0.0000",864.37903372,"",""
2026-02-24,AlexBattleTankProV6-9120,unknown,-1066.43986373,0,0,75,"0.0000",-66.43986373,"",""
2026-02-24,GKD_FisherTransformV5_ML-9140,unknown,27.77347193,0,0,95,"0.0000","1040.15268730","",""
2026-02-24,GKD_FisherTransformV5_ML-9150,unknown,-2.22167673,0,0,26,"0.0000",79.70601603,"",""
2026-02-24,AlexBandSniperV18MLAIM-9000,unknown,-135.19574124,0,0,1547,"0.0000",265.75055599,"",""
2026-02-25,AlexSignalForgeV4-9020,unknown,-25.04736097,0,0,132,"0.0000",375.03732857,"",""
2026-02-25,AlexSignalForgeV4-9030,unknown,-20.58046401,0,0,193,"0.0000",75.22359486,"",""
2026-02-24,AlexBandSniperV119-9010,unknown,8.82907199,0,0,612,"0.0000",811.19287016,"",""
2026-02-24,AlexSignalForgeV4-9020,unknown,10.14361567,0,0,102,"0.0000",410.60056802,"",""
2026-02-24,AlexSignalForgeV4-9030,unknown,-18.08790597,0,0,184,"0.0000",77.93779352,"",""
2026-02-24,Bot-9110,unknown,-141.47258356,0,0,302,"0.0000","859.68148640","",""
2026-02-25,Alex_Kasuari-9040,unknown,-12.08504417,0,0,178,"0.0000",187.71982179,"",""
2026-02-25,AlexNexusForgeV8AIV2-9050,unknown,767.20603379,0,0,1457,"0.0000",1770.44042789,"",""
2026-02-25,ECRV2-9060,unknown,33.99749723,0,0,76,"0.0000",1032.72781416,"",""
2026-02-25,Alex_NinjaV9-9070,unknown,"119.70328940",0,0,1163,"0.0000",319.73628974,"",""
2026-02-25,Bot-9120,unknown,-1066.43986373,0,0,75,"0.0000",-66.43986373,"",""
2026-02-24,Alex_Kasuari-9040,unknown,14.81877727,0,0,133,"0.0000",215.35644752,"",""
2026-02-24,ECRV2-9060,unknown,-12.82785753,0,0,55,"0.0000","988.05670230","",""
2026-02-25,AlexBandSniperV18MLAIM-9000,unknown,-123.82942918,0,0,1587,"0.0000","277.21309320","",""
2026-02-25,AlexBattleTankKillerV9-9080,unknown,-87.55685257,0,0,167,"0.0000",316.86070383,"",""
2026-02-25,Alex_DivergenceV8-9100,unknown,-63.19479686,0,0,465,"0.0000",936.80520314,"",""
2026-02-25,Bot-9110,unknown,"-133.18950780",0,0,315,"0.0000","866.81049220","",""
2026-02-26,AlexSignalForgeV4-9030,unknown,-19.89036687,0,0,195,"0.0000",76.16564558,"",""
2026-02-26,AlexBattleTankProV6-9120,unknown,-1066.43986373,0,0,75,"0.0000",-66.43986373,"",""
2026-02-25,AlexBandSniperV119-9010,unknown,-117.65022677,0,0,727,"0.0000","678.87945760","",""
2026-02-25,AlexRegimePullbackFuturesV1-9110,unknown,-131.19213869,0,0,322,"0.0000",870.01757638,"",""
2026-02-25,Bot-9050,unknown,737.00917697,0,0,1457,"0.0000",1737.91733789,"",""
2026-02-25,AlexBattleTankProV6-9120,unknown,-1066.43986373,0,0,75,"0.0000",-66.43986373,"",""
2026-02-26,AlexRegimePullbackFuturesV1-9110,unknown,-175.42039042,0,0,361,"0.0000",824.99532097,"",""
2026-02-26,AlexBandSniperV119-9010,unknown,-121.71488973,0,0,810,"0.0000",679.33247688,"",""
2026-02-26,GKD_FisherTransformV5_ML-9150,unknown,0.69952311,0,0,33,"0.0000",83.39983866,"",""
2026-02-26,ECRV2-9060,unknown,46.49472822,0,0,83,"0.0000",1046.06592858,"",""
2026-02-26,GKD_FisherTransformV5_ML-9140,unknown,56.33583219,0,0,101,"0.0000",1056.77884146,"",""
2026-02-26,Bot-9050,unknown,750.81432494,0,0,1457,"0.0000",1750.78156789,"",""
2026-02-26,AlexNexusForgeV8AIV2-9050,unknown,752.32289907,0,0,1457,"0.0000",1752.83892789,"",""
2026-02-26,Alex_Kasuari-9040,unknown,-29.40169843,0,0,204,"0.0000",171.45459843,"",""
2026-02-26,Bot-9120,unknown,-1066.43986373,0,0,75,"0.0000",-66.43986373,"",""
2026-02-26,AlexSignalForgeV4-9020,unknown,-29.75624221,0,0,138,"0.0000",370.81837705,"",""
2026-02-26,Alex_DivergenceV8-9100,unknown,11.09457788,0,0,28,"0.0000","1011.93438670","",""
2026-02-26,Alex_NinjaV9-9070,unknown,118.32762583,0,0,1170,"0.0000",318.38810508,"",""
2026-02-26,Bot-9110,unknown,-173.27350005,0,0,360,"0.0000","827.17856820","",""
2026-02-27,Bot-9050,unknown,"753.06667700",0,0,1457,"0.0000",1753.44394789,"",""
2026-02-27,Bot-9110,unknown,-195.28295387,0,0,374,"0.0000",805.42582009,"",""
2026-02-26,AlexBattleTankKillerV9-9080,unknown,"-105.58517050",0,0,184,"0.0000",294.72712567,"",""
2026-02-26,GKD_FisherTransformV52_ML-9140,unknown,57.43863217,0,0,110,"0.0000",1056.67891934,"",""
2026-02-26,GKD_FisherTransformV52_ML-9150,unknown,10.76595588,0,0,39,"0.0000",83.01436325,"",""
2026-02-26,Bot-9030,unknown,-19.87357552,0,0,195,"0.0000",76.19747544,"",""
2026-02-28,AlexBandSniperV119-9010,unknown,-216.58504349,0,0,958,"0.0000",583.71140496,"",""
2026-02-28,AlexSignalForgeV4-9020,unknown,-42.62421778,0,0,160,"0.0000",357.82580092,"",""
2026-02-28,AlexSignalForgeV4-9030,unknown,-20.19538807,0,0,204,"0.0000",75.91247361,"",""
2026-02-28,Alex_Kasuari-9040,unknown,-56.80728476,0,0,244,"0.0000",145.06916213,"",""
2026-02-28,AlexNexusForgeV8AIV2-9050,unknown,754.61318335,0,0,1457,"0.0000",1755.15044789,"",""
2026-02-27,Bot-9120,unknown,"-1066.38547530",0,0,75,"0.0000",-66.43986373,"",""
2026-02-28,ECRV2-9060,unknown,87.09973817,0,0,101,"0.0000",1087.81046229,"",""
2026-02-28,Alex_NinjaV9-9070,unknown,100.84493638,0,0,1180,"0.0000",300.84493638,"",""
2026-02-27,AlexBandSniperV119-9010,unknown,-161.71785417,0,0,875,"0.0000",639.25998167,"",""
2026-02-27,AlexSignalForgeV4-9020,unknown,-35.51474624,0,0,141,"0.0000","365.06460390","",""
2026-02-27,Bot-9030,unknown,-20.61999045,0,0,195,"0.0000",75.41930098,"",""
2026-02-27,AlexSignalForgeV4-9030,unknown,-20.69592239,0,0,195,"0.0000",75.40678499,"",""
2026-02-27,Alex_Kasuari-9040,unknown,-28.15225518,0,0,227,"0.0000",172.57236029,"",""
2026-02-27,AlexNexusForgeV8AIV2-9050,unknown,749.51578673,0,0,1457,"0.0000",1749.94130789,"",""
2026-02-27,ECRV2-9060,unknown,45.99565515,0,0,85,"0.0000",1045.35945939,"",""
2026-02-27,Alex_NinjaV9-9070,unknown,106.84468706,0,0,1174,"0.0000",306.91935318,"",""
2026-02-27,AlexBattleTankKillerV9-9080,unknown,-97.53050026,0,0,193,"0.0000",303.31781137,"",""
2026-02-27,Alex_DivergenceV8-9100,unknown,10.99434834,0,0,115,"0.0000",1011.54572633,"",""
2026-02-27,AlexRegimePullbackFuturesV1-9110,unknown,-191.12113701,0,0,375,"0.0000",808.87064443,"",""
2026-02-27,AlexBattleTankProV6-9120,unknown,"-1066.38547530",0,0,75,"0.0000",-66.43986373,"",""
2026-02-27,GKD_FisherTransformV52_ML-9140,unknown,48.63624569,0,0,138,"0.0000",1048.77412555,"",""
2026-02-27,GKD_FisherTransformV52_ML-9150,unknown,8.68369361,0,0,56,"0.0000",80.98698207,"",""
2026-02-28,GKD_FisherTransformV52_ML-9150,unknown,12.12606152,0,0,66,"0.0000",84.47422489,"",""
2026-02-28,Bot-9120,unknown,-1066.43986373,0,0,75,"0.0000",-66.43986373,"",""
2026-03-02,GKD_FisherTransformV53_ML-9140,unknown,63.45051924,0,0,174,"0.0000",1063.08857828,"",""
2026-03-02,GKD_FisherTransformV52_ML-9150,unknown,15.52261837,0,0,80,"0.0000",114.54412634,"",""
2026-03-01,GKD_FisherTransformV52_ML-9140,unknown,55.80025862,0,0,153,"0.0000",1055.54183968,"",""
2026-02-28,Bot-9030,unknown,-20.41350756,0,0,200,"0.0000",75.66880175,"",""
2026-02-28,Bot-9110,unknown,-189.27266735,0,0,381,"0.0000",810.81795714,"",""
2026-03-03,Bot-9120,unknown,4.33670601,0,0,47,"0.0000",1005.18941978,"",""
2026-03-01,Bot-9120,unknown,-1066.43986373,0,0,75,"0.0000",-66.43986373,"",""
2026-03-02,Alex_AgentStrategyV2-9000,unknown,"0.00000000",0,0,0,"0.0000","400.00000000","",""
2026-03-02,AlexBandSniperV119-9010,unknown,-203.00561311,0,0,1126,"0.0000",599.56963379,"",""
2026-03-01,Bot-9110,unknown,-253.80620941,0,0,431,"0.0000",746.19379059,"",""
2026-03-01,AlexBandSniperV119-9010,unknown,-177.97129757,0,0,1063,"0.0000",622.48348421,"",""
2026-03-01,AlexSignalForgeV4-9020,unknown,-33.40010248,0,0,167,"0.0000",366.87512576,"",""
2026-03-01,AlexSignalForgeV4-9030,unknown,-18.59617159,0,0,206,"0.0000",77.47193339,"",""
2026-03-01,Alex_Kasuari-9040,unknown,-81.82013966,0,0,264,"0.0000",119.72070051,"",""
2026-03-01,ECRV2-9060,unknown,83.49025918,0,0,112,"0.0000",1084.34934099,"",""
2026-03-01,Alex_NinjaV9-9070,unknown,"84.80032290",0,0,1203,"0.0000",285.25682093,"",""
2026-03-01,AlexBattleTankKillerV9-9080,unknown,-112.74117113,0,0,233,"0.0000",288.28754874,"",""
2026-03-01,Alex_DivergenceV8-9100,unknown,2.98530856,0,0,211,"0.0000",1003.94543359,"",""
2026-02-28,Bot-9050,unknown,752.31956074,0,0,1457,"0.0000",1750.48659789,"",""
2026-03-01,AlexRegimePullbackFuturesV1-9110,unknown,-255.27334014,0,0,437,"0.0000","745.30227120","",""
2026-03-01,AlexBattleTankProV6-9120,unknown,-1066.43986373,0,0,75,"0.0000",-66.43986373,"",""
2026-03-01,GKD_FisherTransformV53_ML-9140,unknown,55.49095315,0,0,153,"0.0000",1055.54183968,"",""
2026-03-01,GKD_FisherTransformV52_ML-9150,unknown,12.69931033,0,0,67,"0.0000",84.92684492,"",""
2026-03-01,Bot-9050,unknown,751.76137997,0,0,1457,"0.0000",1751.59013789,"",""
2026-02-28,AlexBattleTankKillerV9-9080,unknown,-79.75038629,0,0,224,"0.0000",320.34704705,"",""
2026-02-28,Alex_DivergenceV8-9100,unknown,12.11426824,0,0,153,"0.0000",1012.32475922,"",""
2026-02-28,AlexRegimePullbackFuturesV1-9110,unknown,"-235.03468590",0,0,407,"0.0000",766.05977226,"",""
2026-02-28,AlexBattleTankProV6-9120,unknown,-1066.43986373,0,0,75,"0.0000",-66.43986373,"",""
2026-02-28,GKD_FisherTransformV52_ML-9140,unknown,"55.86935130",0,0,152,"0.0000",1052.43620536,"",""
2026-03-02,AlexSignalForgeV4-9020,unknown,-39.89149043,0,0,171,"0.0000",360.26962271,"",""
2026-03-02,AlexSignalForgeV4-9030,unknown,-19.51316916,0,0,206,"0.0000",76.50684484,"",""
2026-03-02,AlexNexusForgeV8AIV2-9050,unknown,763.37863844,0,0,1457,"0.0000",1764.25958789,"",""
2026-03-01,AlexNexusForgeV8AIV2-9050,unknown,744.93957727,0,0,1457,"0.0000",1745.76534789,"",""
2026-03-02,Bot-9050,unknown,762.42536531,0,0,1457,"0.0000",1763.39241789,"",""
2026-03-02,Alex_Kasuari-9040,unknown,-68.10750004,0,0,285,"0.0000",132.78010874,"",""
2026-03-02,ECRV2-9060,unknown,96.06697768,0,0,122,"0.0000",1096.19081147,"",""
2026-03-02,Bot-9000,unknown,"0.00000000",0,0,0,"0.0000","400.00000000","",""
2026-03-02,Bot-9010,unknown,-198.18802854,0,0,1099,"0.0000",602.99019541,"",""
2026-03-02,AlexBattleTankProV7-9120,unknown,0.06996322,0,0,5,"0.0000","1000.42371200","",""
2026-03-02,AlexBattleTankKillerV9-9080,unknown,-86.64303099,0,0,245,"0.0000",315.55065491,"",""
2026-03-02,Alex_NinjaV9-9070,unknown,85.51133119,0,0,1263,"0.0000",286.56447978,"",""
2026-03-02,Bot-9030,unknown,-19.38701339,0,0,206,"0.0000",76.52754065,"",""
2026-03-02,AlexBattleTankProV6-9120,unknown,-1066.43986373,0,0,75,"0.0000",-66.43986373,"",""
2026-03-02,AlexBattleTankKillerV10-9080,unknown,-1.49410535,0,0,6,"0.0000",398.74077948,"",""
2026-03-02,Alex_DivergenceV8-9100,unknown,-0.87565206,0,0,257,"0.0000",999.52125645,"",""
2026-03-03,Alex_AgentStrategyV2-9000,unknown,-0.04434956,0,0,1,"0.0000",399.95565044,"",""
2026-03-03,AlexSignalForgeV4-9020,unknown,-38.34642431,0,0,173,"0.0000",361.41074739,"",""
2026-03-03,ECRV2-9060,unknown,104.89129582,0,0,129,"0.0000","1104.95400650","",""
2026-03-03,AlexRegimePullbackFuturesV1-9110,unknown,-237.93785051,0,0,466,"0.0000",762.11581951,"",""
2026-03-02,Bot-9110,unknown,"-249.08840950",0,0,451,"0.0000",751.70650942,"",""
2026-03-03,AlexBattleTankKillerV10-9080,unknown,"-6.55991940",0,0,77,"0.0000",393.54110975,"",""
2026-03-02,AlexRegimePullbackFuturesV1-9110,unknown,-249.72860908,0,0,451,"0.0000",750.35737632,"",""
2026-03-02,Bot-9120,unknown,-0.12485148,0,0,7,"0.0000","1000.01932800","",""
2026-03-04,AlexRegimePullbackFuturesV1-9110,unknown,-245.98086819,298,176,474,"0.0000",754.01913181,"",62.87
2026-03-03,Bot-9050,unknown,761.39863393,0,0,1457,"0.0000",1758.83998789,"",""
2026-03-04,ECRV2-9060,unknown,97.64354563,102,12,132,"0.0000",1097.72709884,"",89.47
2026-03-03,GKD_FisherTransformV53_ML-9140,unknown,57.69415077,0,0,193,"0.0000",1058.47490794,"",""
2026-03-03,AlexBattleTankProV7-9120,unknown,3.45500351,0,0,47,"0.0000",1004.40075378,"",""
2026-03-03,Alex_Kasuari-9040,unknown,-57.77063085,0,0,301,"0.0000",144.39898016,"",""
2026-03-03,Alex_NinjaV9-9070,unknown,68.92403503,0,0,1288,"0.0000",269.52693146,"",""
2026-03-03,GKD_FisherTransformV52_ML-9150,unknown,13.31131549,0,0,91,"0.0000",112.29870498,"",""
2026-03-03,Alex_DivergenceV8-9100,unknown,4.28204284,0,0,314,"0.0000",1004.85388416,"",""
2026-03-03,Bot-9110,unknown,-238.22182079,0,0,466,"0.0000",761.86211951,"",""
2026-03-03,AlexSignalForgeV4-9030,unknown,-19.70393548,0,0,207,"0.0000",76.16169492,"",""
2026-03-03,AlexNexusForgeV8AIV2-9050,unknown,763.17426067,0,0,1457,"0.0000",1763.89481789,"",""
2026-03-03,AlexBandSniperV119-9010,unknown,-213.42819335,0,0,1178,"0.0000",587.01683834,"",""
2026-03-04,Alex_DivergenceV8-9100,unknown,-0.60501762,243,99,362,"0.0000",999.99280093,"",71.05
2026-03-04,Alex_NinjaV9-9070,unknown,65.48217197,1110,190,1302,"0.0000",265.50969791,"",85.38
2026-03-04,AlexBattleTankProV7-9120,unknown,7.70039536,49,15,72,"0.0000",1008.02724383,"",76.56
2026-03-04,GKD_FisherTransformV53_ML-9140,unknown,67.63185035,149,51,204,"0.0000",1064.92897048,"","74.50"
2026-03-04,AlexBattleTankKillerV10-9080,unknown,-9.17106904,63,87,152,"0.0000",390.85558488,"","42.00"
2026-03-04,AlexSignalForgeV4-9020,unknown,-47.72042549,84,75,176,"0.0000",353.32191865,"",52.83
2026-03-04,AlexSignalForgeV4-9030,unknown,-21.54313297,138,63,207,"0.0000",74.47667368,"",68.66
2026-03-04,Alex_Kasuari-9040,unknown,-56.82762576,179,127,306,"0.0000",143.17237424,"","58.50"
2026-03-04,AlexNexusForgeV8AIV2-9050,unknown,775.89083911,904,550,1457,"0.0000",1777.13850789,"",62.17
2026-03-04,Bot-9120,unknown,7.74745805,49,15,72,"0.0000",1008.09585983,"",76.56
2026-03-04,GKD_FisherTransformV52_ML-9150,unknown,17.41319154,66,31,101,"0.0000",116.41865393,"",68.04
2026-03-04,Bot-9110,unknown,-245.98086819,298,176,474,"0.0000",754.01913181,"",62.87
2026-03-04,Alex_AgentStrategyV2-9000,unknown,-0.04434885,0,1,1,"0.0000",399.95565044,"","0.00"
2026-03-04,AlexBandSniperV119-9010,unknown,-233.78481969,813,385,1206,"0.0000",570.39802918,"",67.86
